{
  "epocas": 10,
  "lossFinal": 0.32109822741769933,
  "lossHistorico": [
    1.800612030453824,
    0.9386299644261555,
    0.7087660450146889,
    0.582118766089772,
    0.5113329411797911,
    0.4540961948162782,
    0.4101123515458718,
    0.3760526071269826,
    0.34791103739581775,
    0.32109822741769933
  ],
  "acuracia": 89.14999999999999,
  "acuraciaTest": 78.35,
  "tempoMs": 361267
}